Year,Total PV (MWh),Growth (%)
2021,3758351.733,
2022,4737660.329,26.056863901301064
2023,4918975.291,3.827099230608444
2024,5327633.318,8.307787757090402
2025,1833894.048,-65.5776976654158
